1;2;3;4;5;6;7;8;9;10;11;12;13;14;15;16;17;18;19;20;21;22;23;24;25;26;27;28;29;30;31;32;33;34;35;36;37;38;39;empresa_competencia;NF
;C170;1;002203;;64;BD;8640;;0;000;2102;;8640;12;1036,8;0;;0;;02;;;;;;;;;;;;;;;;;;;1;29210202626466000112550010001367641100145943
;C170;1;002034;;20;FRD;618;;0;060;2403;;;;;0;;0;;;;;;;;;;;;;;;;;;;;;1;26210284140101053556551010005787671564834917
;C170;2;001689;;300;FRD;8985;;0;060;2403;;;;;0;;0;;;;;;;;;;;;;;;;;;;;;1;26210284140101053556551010005787671564834917
;C170;1;001997;;480;UN;1584;;0;000;2102;;1584;12;190,08;0;;0;;02;;;;;;;;;;;;;;;;;;;1;52210201519995000133550010007195291466889056
;C170;2;001998;;240;UN;792;;0;000;2102;;792;12;95,04;0;;0;;02;;;;;;;;;;;;;;;;;;;1;52210201519995000133550010007195291466889056
;C170;3;001381;;1000;UN;4400;;0;000;2102;;4400;12;528;0;;0;;02;;;;;;;;;;;;;;;;;;;1;52210201519995000133550010007195291466889056
;C170;4;001380;;8505;UN;28917;;0;000;2102;;28917;12;3470,04;0;;0;;02;;;;;;;;;;;;;;;;;;;1;52210201519995000133550010007195291466889056
;C170;5;002332;;540;UN;1917;;0;000;2102;;1917;12;230,04;0;;0;;02;;;;;;;;;;;;;;;;;;;1;52210201519995000133550010007195291466889056
;C170;6;001437;;360;CX;6220,8;;0;000;2102;;6220,8;12;746,5;0;;0;;02;;;;;;;;;;;;;;;;;;;1;52210201519995000133550010007195291466889056
;C170;7;002070;;120;UN;408;;0;000;2102;;408;12;48,96;0;;0;;02;;;;;;;;;;;;;;;;;;;1;52210201519995000133550010007195291466889056
;C170;8;001409;;14256;UN;27799,2;;0;000;2102;;27799,2;12;3335,9;0;;0;;02;;;;;;;;;;;;;;;;;;;1;52210201519995000133550010007195291466889056
;C170;9;002004;;120;UN;1146;;0;000;2102;;1146;12;137,52;0;;0;;02;;;;;;;;;;;;;;;;;;;1;52210201519995000133550010007195291466889056
;C170;10;001722;;720;UN;1224;;0;000;2102;;1224;12;146,88;0;;0;;02;;;;;;;;;;;;;;;;;;;1;52210201519995000133550010007195291466889056
;C170;11;002248;;240;UN;1080;;0;000;2102;;1080;12;129,6;0;;0;;02;;;;;;;;;;;;;;;;;;;1;52210201519995000133550010007195291466889056
;C170;12;001813;;120;UN;570;;0;000;2102;;570;12;68,4;0;;0;;;;;;;;;;;;;;;;;;;;;1;52210201519995000133550010007195291466889056
;C170;1;000625;;400;PT;19440;;0;000;2102;;19440;7;1360,8;0;;0;;02;;;;;;;;;;;;;;;;;;;1;41210277579395000228550050021621791138201304
;C170;2;001539;;462;PC;10494,33;;0;000;2102;;10494,33;7;734,6;0;;0;;02;;;;;;;;;;;;;;;;;;;1;41210277579395000228550050021621791138201304
;C170;1;001912;;300;FRD;3613,05;;0;000;1102;;3441;18;619,38;0;;0;;;;;;;;;;;;;;;;;;;;;1;24210212024340000118550010000447101780758574
;C170;1;000930;;288;PC;5362,56;;0;000;1102;;5362,56;18;965,26;0;;0;;02;;;;;;;;;;;;;;;;;;;1;24210283631016004897550010000616671914320002
;C170;1;001447;;227;CX;22972,4;;0;000;2102;;22972,4;7;1608,07;0;;0;;02;;;;;;;;;;;;;;;;;;;1;41210213233032000100550010000424051004580840
;C170;2;002481;;125;CX;12250;;0;000;2102;;12250;7;857,5;0;;0;;02;;;;;;;;;;;;;;;;;;;1;41210213233032000100550010000424051004580840
;C170;1;001692;;1200;UN;3176;;0;000;2102;;3300,5;12;396,06;0;;0;;;;;;;;;;;;;;;;;;;;;1;27210209997379000192550020005563561384519718
;C170;2;001693;;500;CX;8660;;0;000;2102;;8999,47;12;1079,94;0;;0;;;;;;;;;;;;;;;;;;;;;1;27210209997379000192550020005563561384519718
;C170;3;001745;;600;UN;717,64;;0;000;2102;;716,01;12;85,92;0;;0;;;;;;;;;;;;;;;;;;;;;1;27210209997379000192550020005563561384519718
;C170;4;001743;;180;UN;472,14;;0;000;2102;;471,07;12;56,53;0;;0;;;;;;;;;;;;;;;;;;;;;1;27210209997379000192550020005563561384519718
;C170;5;001744;;120;UN;534,95;;0;000;2102;;533,73;12;64,05;0;;0;;;;;;;;;;;;;;;;;;;;;1;27210209997379000192550020005563561384519718
;C170;6;001694;;360;UN;969,9;;0;000;2102;;1007,92;12;120,95;0;;0;;;;;;;;;;;;;;;;;;;;;1;27210209997379000192550020005563561384519718
;C170;7;001695;;360;UN;969,9;;0;000;2102;;1007,92;12;120,95;0;;0;;;;;;;;;;;;;;;;;;;;;1;27210209997379000192550020005563561384519718
;C170;8;001690;;1350;UN;890;;0;000;2102;;924,89;12;110,99;0;;0;;;;;;;;;;;;;;;;;;;;;1;27210209997379000192550020005563561384519718
;C170;1;002060;;100;UN;595,3;101,2;0;000;2102;;494,1;12;59,29;0;;0;;;;;;;;;;;;;;;;;;;;;1;26210302423534000192550010003095491227350929
;C170;2;001504;;240;UN;1020,2;173,44;0;000;2102;;846,76;12;101,61;0;;0;;;;;;;;;;;;;;;;;;;;;1;26210302423534000192550010003095491227350929
;C170;3;000581;;1600;UN;23384;5846;0;000;2102;;17538;12;2104,56;0;;0;;;;;;;;;;;;;;;;;;;;;1;26210302423534000192550010003095491227350929
;C170;4;000580;;600;CX;7094;1560,7;0;000;2102;;5533,3;12;664;0;;0;;;;;;;;;;;;;;;;;;;;;1;26210302423534000192550010003095491227350929
;C170;5;000647;;180;UN;1912,2;382,44;0;000;2102;;1529,76;12;183,57;0;;0;;;;;;;;;;;;;;;;;;;;;1;26210302423534000192550010003095491227350929
;C170;6;001749;;180;CX;2128,2;468,21;0;000;2102;;1659,99;12;199,2;0;;0;;;;;;;;;;;;;;;;;;;;;1;26210302423534000192550010003095491227350929
;C170;7;000648;;60;UN;504,3;100,86;0;000;2102;;403,44;12;48,41;0;;0;;;;;;;;;;;;;;;;;;;;;1;26210302423534000192550010003095491227350929
;C170;8;002318;;60;UN;504,3;100,86;0;000;2102;;403,44;12;48,41;0;;0;;;;;;;;;;;;;;;;;;;;;1;26210302423534000192550010003095491227350929
;C170;9;000609;;120;UN;584,6;116,92;0;000;2102;;467,68;12;56,12;0;;0;;;;;;;;;;;;;;;;;;;;;1;26210302423534000192550010003095491227350929
;C170;1;002482;;200;UN;5796;1275,1;0;000;2102;;4520,9;4;180,84;0;;0;;;;;;;;;;;;;;;;;;;;;1;26210202423534000192550010003091991905318827
;C170;1;002246;;560;UN;3578,4;;0;000;2102;;3578,4;12;429,41;0;;0;;02;;;;;;;;;;;;;;;;;;;1;27210219692726000112550010000374441591439380
;C170;2;002386;;200;UN;1368;;0;000;2102;;1368;12;164,16;0;;0;;02;;;;;;;;;;;;;;;;;;;1;27210219692726000112550010000374441591439380
;C170;3;002247;;400;UN;2076;;0;000;2102;;2076;12;249,12;0;;0;;02;;;;;;;;;;;;;;;;;;;1;27210219692726000112550010000374441591439380
;C170;1;001794;;800;UN;7320;;0;000;2102;;7320;7;512,4;0;;0;;02;;;;;;;;;;;;;;;;;;;1;35210264143031000107550010002797111485647160
;C170;2;001968;;300;UN;1905;;0;000;2102;;1905;7;133,35;0;;0;;02;;;;;;;;;;;;;;;;;;;1;35210264143031000107550010002797111485647160
;C170;3;002213;;60;UN;598,8;;0;000;2102;;598,8;7;41,92;0;;0;;02;;;;;;;;;;;;;;;;;;;1;35210264143031000107550010002797111485647160
;C170;4;000582;;88;UN;1293,6;;0;000;2102;;1293,6;7;90,55;0;;0;;02;;;;;;;;;;;;;;;;;;;1;35210264143031000107550010002797111485647160
;C170;5;002006;;32;UN;510,4;;0;000;2102;;510,4;7;35,73;0;;0;;02;;;;;;;;;;;;;;;;;;;1;35210264143031000107550010002797111485647160
;C170;1;000749;;501,21;KG;10425,06;;0;020;2102;;6080,94;12;729,71;0;;0;;;;;;;;;;;;;;;;;;;;;1;17210304043630000373550010002595561002789036
;C170;2;1609;;104,86;KG;1205,89;;0;090;2102;;;;;0;;0;;;;;;;;;;;;;;;;;;;;;1;17210304043630000373550010002595561002789036
;C170;3;001791;;1000;KG;16300;;0;020;2102;;9507,79;12;1140,93;0;;0;;;;;;;;;;;;;;;;;;;;;1;17210304043630000373550010002595561002789036
;C170;4;737;;302,94;KG;7240,27;;0;020;2102;;4223,25;12;506,79;0;;0;;;;;;;;;;;;;;;;;;;;;1;17210304043630000373550010002595561002789036
;C170;1;002483;;350;PT;4826,5;;0;000;1102;;4826,5;18;868,77;0;;0;;;;;;;;;;;;;;;;;;;;;1;242103107092970001365500100010054361524594028
;C170;1;001603;;450;UN;3172,05;;0;000;1102;;3172,05;18;570,97;0;;0;;02;;;;;;;;;;;;;;;;;;;1;24210383631016004897550010000622521528851982
;C170;2;001590;;51,8;KG;1383,06;;0;000;1102;;1383,06;18;248,95;0;;0;;02;;;;;;;;;;;;;;;;;;;1;24210383631016004897550010000622521528851982
;C170;3;001076;;250;CX;6914,4;;0;000;1102;;6914,4;18;1244,59;0;;0;;02;;;;;;;;;;;;;;;;;;;1;24210383631016004897550010000622521528851982
;C170;4;000629;;250;CX;6914,4;;0;000;1102;;6914,4;18;1244,59;0;;0;;02;;;;;;;;;;;;;;;;;;;1;24210383631016004897550010000622521528851982
;C170;5;000734;;100;CX;2572,8;;0;000;1102;;2572,8;18;463,1;0;;0;;02;;;;;;;;;;;;;;;;;;;1;24210383631016004897550010000622521528851982
;C170;1;001754;;300;PC;10500;;0;000;1102;;10500;18;1890;0;;0;;;;;;;;;;;;;;;;;;;;;1;242103107092970001365500100010064181036211886
;C170;1;002369;;845;CX;76793,6;;0;000;2102;;76793,6;7;5375,55;0;;0;;02;;;;;;;;;;;;;;;;;;;1;43210389993239003875550010000778491496245857
;C170;2;002430;;520;CX;73216;;0;000;2102;;73216;7;5125,12;0;;0;;02;;;;;;;;;;;;;;;;;;;1;43210389993239003875550010000778491496245857
;C170;1;001879;;329,93;KG;7957,91;;0;000;2102;;7957,91;7;557,05;0;;0;;02;;;;;;;;;;;;;;;;;;;1;43210389993239000183550010019713971438338310
;C170;2;001599;;970,16;KG;11641,92;;0;000;2102;;11641,92;7;814,93;0;;0;;;;;;;;;;;;;;;;;;;;;1;43210389993239000183550010019713971438338310
;C170;3;624;;450;PT;26730,08;;0;000;2102;;26730,08;7;1871,11;0;;0;;;;;;;;;;;;;;;;;;;;;1;43210389993239000183550010019713971438338310
;C170;4;601;;216;PT;13824;;0;000;2102;;13824;7;967,68;0;;0;;;;;;;;;;;;;;;;;;;;;1;43210389993239000183550010019713971438338310
;C170;5;1598;;775,75;KG;8378,1;;0;000;2102;;8378,1;7;586,47;0;;0;;;;;;;;;;;;;;;;;;;;;1;43210389993239000183550010019713971438338310
;C170;1;002483;;350;PT;4826,5;;0;000;1102;;4826,5;18;868,77;0;;0;;;;;;;;;;;;;;;;;;;;;1;242103107092970001365500100010071081056269962
;C170;1;999999;;1040,52;LT;4713,59;;0;060;1653;;;;;0;;0;;;;;;;;;;;;;;;;;;;;;1;24210304443134000161550010000350021000754308
;C170;1;999999;;472,7;LT;2233,4;;0;060;1653;;;;;0;;0;;;;;;;;;;;;;;;;;;;;;1;24210304443134000161550010000349841001634004
;C170;1;999999;;408,44;LT;1850,25;;0;060;1653;;;;;0;;0;;;;;;;;;;;;;;;;;;;;;1;24210304443134000161550010000349851001644171
;C170;1;999999;;353,26;LT;1600,27;;0;060;1653;;;;;0;;0;;;;;;;;;;;;;;;;;;;;;1;24210304443134000161550010000349701001633231
;C170;1;999999;;1;UN;3860;;0;090;1556;;;;;0;;0;;;;;;;;;;;;;;;;;;;;;1;242101229275790001055500100000273971000074519
;C170;1;999999;;4,68;M3;180;;0;090;1556;;;;;0;;0;;;;;;;;;;;;;;;;;;;;;1;242103229275790001055500100000276821000077403
;C170;1;999999;;11,7;M3;429;;0;090;1556;;;;;0;;0;;;;;;;;;;;;;;;;;;;;;1;242103229275790001055500100000276401000076989
;C170;1;999999;;1;UN;1510;;0;090;1556;;;;;0;;0;;;;;;;;;;;;;;;;;;;;;1;242103229275790001055500100000276301000076885
;C170;1;999999;;1;UN;1004,15;;0;090;1556;;;;;0;;0;;;;;;;;;;;;;;;;;;;;;1;242103245449450001845500100000232931000034241
;C170;1;999999;;444,56;LT;2099,99;;0;060;1653;;;;;0;;0;;;;;;;;;;;;;;;;;;;;;1;24210304443134000161550010000350221001712474
;C170;1;999999;;1;UN;673,35;;0;090;1556;;;;;0;;0;;;;;;;;;;;;;;;;;;;;;1;24210308082720000153550010008790661199963949
;C170;1;999999;;1;UN;376,84;;0;060;1653;;;;;0;;0;;;;;;;;;;;;;;;;;;;;;1;24210300505655000190550010000559011518005124
;C170;2;999999;;1;UN;966,16;;0;090;1556;;;;;0;;0;;;;;;;;;;;;;;;;;;;;;1;24210300505655000190550010000559011518005124
;C170;1;999999;;40;UN;480;;0;090;1556;;;;;0;;0;;;;;;;;;;;;;;;;;;;;;1;242103229275790001055500100000277041000077623
;C170;1;999999;;1;UN;317,5;;0;060;1653;;;;;0;;0;;;;;;;;;;;;;;;;;;;;;1;242103083804030001465500100000269861000061365
;C170;2;999999;;1;UN;1063;;0;090;1556;;;;;0;;0;;;;;;;;;;;;;;;;;;;;;1;242103083804030001465500100000269861000061365
;C170;1;999999;;474,96;LT;2175,36;;0;060;1653;;;;;0;;0;;;;;;;;;;;;;;;;;;;;;1;24210304443134000161550010000350431000836412
;C170;1;999999;;687,23;LT;3113,15;;0;060;1653;;;;;0;;0;;;;;;;;;;;;;;;;;;;;;1;24210304443134000161550010000350131001737354
;C170;1;999999;;327,15;LT;1498,36;;0;060;1653;;;;;0;;0;;;;;;;;;;;;;;;;;;;;;1;24210304443134000161550010000350551000850416
;C170;1;999999;;20;KG;224;39;0;060;1407;;;;;0;;0;;;;;;;;;;;;;;;;;;;;;1;24210301311313000100550000000364051000165956
;C170;1;999999;;1;UN;988;;0;060;1407;;;;;0;;0;;;;;;;;;;;;;;;;;;;;;1;242103046474760001375500100000256151000046820
;C170;2;999999;;1;UN;117;;0;090;1556;;;;;0;;0;;;;;;;;;;;;;;;;;;;;;1;242103046474760001375500100000256151000046820
;C170;1;999999;;458,16;LT;2292,57;;0;060;1653;;;;;0;;0;;;;;;;;;;;;;;;;;;;;;1;24210304443134000161550010000350661001325130
;C170;1;002282;;3984;PT;47011,2;;0;000;2102;;47011,2;4;1880,45;0;;0;;02;;;;;;;;;;;;;;;;;;;1;42210311710307000284550080000906911977870000
;C170;1;001423;;3991,37;KG;71844,66;;0;000;2102;;71844,66;7;5029,13;0;;0;;02;;;;;;;;;;;;;;;;;;;1;41210305958589000143550030001971451005343166
;C170;1;001534;;200;PC;6822,1;;0;000;1102;;6822,1;18;1227,98;0;;0;;02;;;;;;;;;;;;;;;;;;;1;24210383631016004897550010000626821250172729
;C170;1;001479;;12;PT;546,6;13,8;0;000;1102;;532,8;18;95,9;0;;0;;;;;;;;;;;;;;;;;;;;;1;24210301312723032916550010009101111912128795
;C170;1;000629;;1;CX;27,66;;0;000;1910;;27,66;18;4,98;0;;0;;02;;;;;;;;;;;;;;;;;;;1;24210383631016004897550010000630171417722534
;C170;2;001877;;48;PT;562,13;;0;000;1910;;562,13;18;101,18;0;;0;;02;;;;;;;;;;;;;;;;;;;1;24210383631016004897550010000630171417722534
;C170;1;001154;;37;FRD;787,73;;0;060;1910;;;;;0;;0;;02;;;;;;;;;;;;;;;;;;;1;24210307671816005427550010003756971301205090
;C170;1;000578;;400;FRD;8584;;0;060;1403;;;;;0;;0;;;;;;;;;;;;;;;;;;;;;1;24210307671816005427550010003756961301205085
;C170;2;001540;;16;FRD;539,52;;0;060;1403;;;;;0;;0;;;;;;;;;;;;;;;;;;;;;1;24210307671816005427550010003756961301205085
;C170;3;001540;;200;FRD;6744;;0;060;1403;;;;;0;;0;;;;;;;;;;;;;;;;;;;;;1;24210307671816005427550010003756961301205085
;C170;1;002173;;8;UN;92;;0;000;2102;;92;12;11,04;0;;0;;02;;;;;;;;;;;;;;;;;;;1;232102266623260001635500100000231551586816048
;C170;2;002327;;8;UN;69,04;;0;000;2102;;69,04;12;8,28;0;;0;;02;;;;;;;;;;;;;;;;;;;1;232102266623260001635500100000231551586816048
;C170;3;002180;;12;UN;158,76;;0;000;2102;;158,76;12;19,05;0;;0;;02;;;;;;;;;;;;;;;;;;;1;232102266623260001635500100000231551586816048
;C170;1;001754;;300;PC;10080;;0;000;1102;;10080;18;1814,4;0;;0;;;;;;;;;;;;;;;;;;;;;1;242103107092970001365500100010099051740599996
;C170;1;000928;;27,44;KG;372,36;;0;000;1910;;372,36;18;67,02;0;;0;;02;;;;;;;;;;;;;;;;;;;1;24210383631016004897550010000631641535073060
;C170;2;001076;;1;CX;27,66;;0;000;1910;;27,66;18;4,98;0;;0;;02;;;;;;;;;;;;;;;;;;;1;24210383631016004897550010000631641535073060
;C170;1;000629;;300;CX;8297,28;;0;000;1102;;8297,28;18;1493,51;0;;0;;02;;;;;;;;;;;;;;;;;;;1;24210383631016004897550010000631601109623493
;C170;2;001076;;300;CX;8297,28;;0;000;1102;;8297,28;18;1493,51;0;;0;;02;;;;;;;;;;;;;;;;;;;1;24210383631016004897550010000631601109623493
;C170;1;002084;;13;KG;283,92;;0;000;1102;;283,92;18;51,11;0;;0;;02;;;;;;;;;;;;;;;;;;;1;24210383631016004897550010000631611370408859
;C170;2;000734;;100;CX;2572,8;;0;000;1102;;2572,8;18;463,1;0;;0;;02;;;;;;;;;;;;;;;;;;;1;24210383631016004897550010000631611370408859
;C170;3;001307;;540;KG;8467,2;;0;020;1102;;5644,8;18;1016,06;0;;0;;02;;;;;;;;;;;;;;;;;;;1;24210383631016004897550010000631611370408859
;C170;4;001854;;139,9;KG;2220,21;;0;000;1102;;2220,21;18;399,64;0;;0;;02;;;;;;;;;;;;;;;;;;;1;24210383631016004897550010000631611370408859
;C170;1;701;;100;PC;2652,5;310;0;000;1102;;2342,5;18;421,65;0;;0;;;;;;;;;;;;;;;;;;;;;1;24210383134441009173550010000826031698818432
;C170;1;002329;;150;CX;20400;;0;000;2102;;20400;7;1428;0;;0;;02;;;;;;;;;;;;;;;;;;;1;31210342820108000105550010017847091337008361
;C170;2;002321;;500;CX;88500;;0;000;2102;;88500;7;6195;0;;0;;02;;;;;;;;;;;;;;;;;;;1;31210342820108000105550010017847091337008361
;C170;3;002112;;500;CX;57000;;0;000;2102;;57000;7;3990;0;;0;;02;;;;;;;;;;;;;;;;;;;1;31210342820108000105550010017847091337008361
;C170;4;002456;;1200;PT;30720;;0;000;2102;;30720;7;2150,4;0;;0;;02;;;;;;;;;;;;;;;;;;;1;31210342820108000105550010017847091337008361
;C170;1;001516;;319,45;KG;2811,16;;0;020;2102;;1639,83;12;196,78;0;;0;;;;;;;;;;;;;;;;;;;;;1;17210304043630000373550010002607221002886479
;C170;2;001637;;1010,76;KG;6569,94;;0;020;2102;;3832,44;12;459,89;0;;0;;;;;;;;;;;;;;;;;;;;;1;17210304043630000373550010002607221002886479
;C170;3;000740;;162,4;KG;3735,08;;0;020;2102;;2178,78;12;261,45;0;;0;;;;;;;;;;;;;;;;;;;;;1;17210304043630000373550010002607221002886479
;C170;4;000752;;519,9;KG;7538,55;;0;020;2102;;4397,46;12;527,7;0;;0;;;;;;;;;;;;;;;;;;;;;1;17210304043630000373550010002607221002886479
;C170;5;000736;;509,52;KG;15030,84;;0;020;2102;;8767,94;12;1052,15;0;;0;;;;;;;;;;;;;;;;;;;;;1;17210304043630000373550010002607221002886479
;C170;1;000732;;40;PC;1332,06;;0;000;1102;;1332,06;18;239,77;0;;0;;02;;;;;;;;;;;;;;;;;;;1;24210383134441009173550010000835881237433009
;C170;1;002365;;80;KG;320;;0;040;1102;;;;;0;;0;;02;;;;;;;;;;;;;;;;;;;1;24210300707977000154550010003511211518005124
;C170;1;002241;;1500;KG;27000;;0;000;2102;;27000;7;1890;0;;0;;02;;;;;;;;;;;;;;;;;;;1;31210300203832000160550010027192711005256078
;C170;2;002237;;800;PT;19800;;0;000;2102;;19800;7;1386;0;;0;;02;;;;;;;;;;;;;;;;;;;1;31210300203832000160550010027192711005256078
;C170;3;002235;;200;PT;9600;;0;000;2102;;9600;7;672;0;;0;;02;;;;;;;;;;;;;;;;;;;1;31210300203832000160550010027192711005256078
;C170;4;002319;;300;KG;4827;;0;000;2102;;4827;7;337,89;0;;0;;;;;;;;;;;;;;;;;;;;;1;31210300203832000160550010027192711005256078
;C170;1;001448;;193;CX;20844;;0;000;2102;;20844;7;1459,08;0;;0;;02;;;;;;;;;;;;;;;;;;;2;41201206164241000109550010001897881002209457
;C170;2;002061;;55;CX;7425;;0;000;2102;;7425;7;519,75;0;;0;;02;;;;;;;;;;;;;;;;;;;2;41201206164241000109550010001897881002209457
;C170;1;002372;;350;PT;5285;;0;000;1102;;5285;18;951,3;0;;0;;;;;;;;;;;;;;;;;;;;;2;24210110709297000136550010009816931709670035
;C170;1;001754;;400;PC;14000;;0;000;1102;;14000;18;2520;0;;0;;;;;;;;;;;;;;;;;;;;;2;24210110709297000136550010009816951063347664
;C170;1;000596;;86;CX;2177,6;;0;000;1102;;2177,6;18;391,97;0;;0;;02;;;;;;;;;;;;;;;;;;;2;24210101312723032916550010008891201178562849
;C170;2;001661;;3600;PT;36662,4;;0;000;1102;;36662,4;18;6599,23;0;;0;;;;;;;;;;;;;;;;;;;;;2;24210101312723032916550010008891201178562849
;C170;1;002201;;64;BD;8768;;0;000;2102;;8768;12;1052,16;0;;0;;02;;;;;;;;;;;;;;;;;;;2;29201202626466000465550010000303891100311858
;C170;2;002202;;50;BD;1600;;0;000;2102;;1600;12;192;0;;0;;02;;;;;;;;;;;;;;;;;;;2;29201202626466000465550010000303891100311858
;C170;1;000686;;16;UN;190,4;;0;000;2910;;190,4;7;13,33;0;;0;;;;;;;;;;;;;;;;;;;;;2;35201264143031000107550010002771001590680399
;C170;1;001794;;800;UN;7480;;0;000;2102;;7480;7;523,6;0;;0;;02;;;;;;;;;;;;;;;;;;;2;35201264143031000107550010002770951907751080
;C170;2;000686;;640;UN;7616;;0;000;2102;;7616;7;533,12;0;;0;;02;;;;;;;;;;;;;;;;;;;2;35201264143031000107550010002770951907751080
;C170;3;002213;;48;UN;484,8;;0;000;2102;;484,8;7;33,94;0;;0;;02;;;;;;;;;;;;;;;;;;;2;35201264143031000107550010002770951907751080
;C170;4;000759;;16;UN;349,6;;0;000;2102;;349,6;7;24,47;0;;0;;02;;;;;;;;;;;;;;;;;;;2;35201264143031000107550010002770951907751080
;C170;5;002006;;48;UN;782,4;;0;000;2102;;782,4;7;54,77;0;;0;;02;;;;;;;;;;;;;;;;;;;2;35201264143031000107550010002770951907751080
;C170;6;001248;;50;UN;750;;0;000;2102;;750;7;52,5;0;;0;;02;;;;;;;;;;;;;;;;;;;2;35201264143031000107550010002770951907751080
;C170;1;002243;;168;UN;653,52;;0;000;2102;;653,52;12;78,42;0;;0;;02;;;;;;;;;;;;;;;;;;;2;27201219692726000112550010000365161838390854
;C170;2;002244;;72;UN;280,08;;0;000;2102;;280,08;12;33,61;0;;0;;02;;;;;;;;;;;;;;;;;;;2;27201219692726000112550010000365161838390854
;C170;3;002245;;600;UN;4668;;0;000;2102;;4668;12;560,16;0;;0;;02;;;;;;;;;;;;;;;;;;;2;27201219692726000112550010000365161838390854
;C170;4;002246;;640;UN;3963,2;;0;000;2102;;3963,2;12;475,58;0;;0;;;;;;;;;;;;;;;;;;;;;2;27201219692726000112550010000365161838390854
;C170;5;002247;;190;UN;940,5;;0;000;2102;;940,5;12;112,86;0;;0;;;;;;;;;;;;;;;;;;;;;2;27201219692726000112550010000365161838390854
;C170;1;001879;;305,23;KG;6705,9;;0;000;2102;;6705,9;7;469,41;0;;0;;;;;;;;;;;;;;;;;;;;;2;43201289993239000183550010019334461254676122
;C170;2;001742;;420;PC;7875;;0;000;2102;;7875;7;551,25;0;;0;;02;;;;;;;;;;;;;;;;;;;2;43201289993239000183550010019334461254676122
;C170;3;000579;;360;PT;12600;;0;000;2102;;12600;7;882;0;;0;;02;;;;;;;;;;;;;;;;;;;2;43201289993239000183550010019334461254676122
;C170;4;000624;;392;PT;24604,41;;0;000;2102;;24604,41;7;1722,31;0;;0;;;;;;;;;;;;;;;;;;;;;2;43201289993239000183550010019334461254676122
;C170;1;000734;;100;CX;2420,04;;0;000;1102;;2420,04;18;435,61;0;;0;;;;;;;;;;;;;;;;;;;;;2;24201283631016004897550010000568501659306210
;C170;2;001603;;450;UN;2614,05;;0;000;1102;;2614,05;18;470,53;0;;0;;02;;;;;;;;;;;;;;;;;;;2;24201283631016004897550010000568501659306210
;C170;3;000928;;69,72;KG;979,57;;0;000;1102;;979,57;18;176,32;0;;0;;02;;;;;;;;;;;;;;;;;;;2;24201283631016004897550010000568501659306210
;C170;4;001307;;180;KG;3366;;0;020;1102;;2244;18;403,92;0;;0;;;;;;;;;;;;;;;;;;;;;2;24201283631016004897550010000568501659306210
;C170;5;001590;;25,95;KG;677,81;;0;000;1102;;677,81;18;122,01;0;;0;;;;;;;;;;;;;;;;;;;;;2;24201283631016004897550010000568501659306210
;C170;1;001431;;4800;UN;12797,4;;0;000;2102;;12188;12;1462,56;0;;0;;;;;;;;;;;;;;;;;;;;;2;29201208089790000107550010002082871718912897
;C170;2;001503;;1200;UN;3199,35;;0;000;2102;;3047;12;365,64;0;;0;;;;;;;;;;;;;;;;;;;;;2;29201208089790000107550010002082871718912897
;C170;1;002372;;350;PT;5285;;0;000;1102;;5285;18;951,3;0;;0;;;;;;;;;;;;;;;;;;;;;2;24210110709297000136550010009835391794891843
;C170;1;001657;;2400;PT;32544;;0;000;1102;;32544;18;5857,92;0;;0;;;;;;;;;;;;;;;;;;;;;2;24210103237272000200550010000787101342521585
;C170;1;001533;;120;UN;1919,6;;0;000;2102;;1919,6;12;230,35;0;;0;;;;;;;;;;;;;;;;;;;;;2;52210124144741000118550050001280351010350949
;C170;2;000924;;60;UN;884,1;;0;000;2102;;884,1;12;106,09;0;;0;;02;;;;;;;;;;;;;;;;;;;2;52210124144741000118550050001280351010350949
;C170;3;001226;;50;CX;1257,5;;0;000;2102;;1257,5;12;150,9;0;;0;;02;;;;;;;;;;;;;;;;;;;2;52210124144741000118550050001280351010350949
;C170;4;000926;;1800;UN;11490;;0;000;2102;;11490;12;1378,8;0;;0;;;;;;;;;;;;;;;;;;;;;2;52210124144741000118550050001280351010350949
;C170;5;001351;;50;CX;2137;;0;000;2102;;2137;12;256,44;0;;0;;02;;;;;;;;;;;;;;;;;;;2;52210124144741000118550050001280351010350949
;C170;6;001350;;600;UN;9597;;0;000;2102;;9597;12;1151,64;0;;0;;02;;;;;;;;;;;;;;;;;;;2;52210124144741000118550050001280351010350949
;C170;7;002322;;10;CX;251,5;;0;000;2102;;251,5;12;30,18;0;;0;;02;;;;;;;;;;;;;;;;;;;2;52210124144741000118550050001280351010350949
;C170;8;001224;;30;CX;754,5;;0;000;2102;;754,5;12;90,54;0;;0;;02;;;;;;;;;;;;;;;;;;;2;52210124144741000118550050001280351010350949
;C170;9;001222;;50;CX;1225;;0;000;2102;;1225;12;147;0;;0;;02;;;;;;;;;;;;;;;;;;;2;52210124144741000118550050001280351010350949
;C170;10;000927;;1800;UN;11490;;0;000;2102;;11490;12;1378,8;0;;0;;;;;;;;;;;;;;;;;;;;;2;52210124144741000118550050001280351010350949
;C170;1;002361;;1600;KG;18752;;0;000;2102;;18752;7;1312,64;0;;0;;02;;;;;;;;;;;;;;;;;;;2;41210176163731000786550010023326161468107317
;C170;2;002363;;3840;KG;40896;;0;000;2102;;40896;7;2862,72;0;;0;;02;;;;;;;;;;;;;;;;;;;2;41210176163731000786550010023326161468107317
;C170;3;002362;;1600;KG;12736;;0;000;2102;;12736;7;891,52;0;;0;;02;;;;;;;;;;;;;;;;;;;2;41210176163731000786550010023326161468107317
;C170;1;002086;;2550;KG;24225;;0;000;2102;;24225;7;1695,75;0;;0;;02;;;;;;;;;;;;;;;;;;;2;41210177379293006048550010013341511160975319
;C170;1;002457;;1030;PT;12360;;0;000;2102;;12360;4;494,4;0;;0;;02;;;;;;;;;;;;;;;;;;;2;41210177379293006048550010013341501105310869
;C170;2;002351;;2475;KG;23512,5;;0;000;2102;;23512,5;7;1645,88;0;;0;;02;;;;;;;;;;;;;;;;;;;2;41210177379293006048550010013341501105310869
;C170;1;000629;;300;CX;7814,88;;0;000;1102;;7814,88;18;1406,68;0;;0;;02;;;;;;;;;;;;;;;;;;;2;24210183631016004897550010000570811587687290
;C170;1;001534;;200;PC;6568,32;;0;000;1102;;6568,32;18;1182,3;0;;0;;;;;;;;;;;;;;;;;;;;;2;24210183631016004897550010000572071209865087
;C170;2;001603;;450;UN;2645,55;;0;000;1102;;2645,55;18;476,2;0;;0;;;;;;;;;;;;;;;;;;;;;2;24210183631016004897550010000572071209865087
;C170;1;002282;;4002;PT;47943,96;;0;000;2102;;47943,96;4;1917,76;0;;0;;02;;;;;;;;;;;;;;;;;;;2;42210111710307000284550080000867271390295102
;C170;1;001627;;40;CX;1362,87;40,51;0;000;2102;;1322,36;12;158,68;0;;0;;;;;;;;;;;;;;;;;;;;;2;52201200805458000707550010001686261722179767
;C170;2;000701;;1200;UN;9375,36;278,68;0;000;2102;;9096,68;12;1091,6;0;;0;;;;;;;;;;;;;;;;;;;;;2;52201200805458000707550010001686261722179767
;C170;3;002013;;640;UN;641,74;19,07;0;000;2102;;622,67;12;74,72;0;;0;;;;;;;;;;;;;;;;;;;;;2;52201200805458000707550010001686261722179767
;C170;4;001748;;200;CX;12570;373,64;0;000;2102;;12196,36;12;1463,56;0;;0;;;;;;;;;;;;;;;;;;;;;2;52201200805458000707550010001686261722179767
;C170;5;002302;;100;CX;4527,71;134,58;0;000;2102;;4393,13;12;527,18;0;;0;;;;;;;;;;;;;;;;;;;;;2;52201200805458000707550010001686261722179767
;C170;6;002338;;50;CX;2157,4;64,13;0;000;2102;;2093,27;12;251,19;0;;0;;;;;;;;;;;;;;;;;;;;;2;52201200805458000707550010001686261722179767
;C170;7;001055;;1600;UN;2054,24;61,06;0;000;2102;;1993,18;12;239,18;0;;0;;;;;;;;;;;;;;;;;;;;;2;52201200805458000707550010001686261722179767
;C170;8;000149;;960;UN;953,94;28,36;0;000;2102;;925,58;12;111,07;0;;0;;;;;;;;;;;;;;;;;;;;;2;52201200805458000707550010001686261722179767
;C170;1;002201;;64;BD;8768;;0;000;2102;;8768;12;1052,16;0;;0;;02;;;;;;;;;;;;;;;;;;;2;29210102626466000465550010000304541100129540
;C170;1;000625;;600;PT;30600;;0;000;2102;;30600;7;2142;0;;0;;02;;;;;;;;;;;;;;;;;;;2;41210177579395000228550050021279161136440741
;C170;2;001960;;30;PT;1002;;0;000;2102;;1002;7;70,14;0;;0;;02;;;;;;;;;;;;;;;;;;;2;41210177579395000228550050021279161136440741
;C170;3;002344;;60;UN;222,12;;0;000;2102;;222,12;7;15,55;0;;0;;02;;;;;;;;;;;;;;;;;;;2;41210177579395000228550050021279161136440741
;C170;4;002337;;120;UN;439,2;;0;000;2102;;439,2;7;30,74;0;;0;;02;;;;;;;;;;;;;;;;;;;2;41210177579395000228550050021279161136440741
;C170;1;002319;;200;KG;3796;;0;000;2102;;3796;7;265,72;0;;0;;;;;;;;;;;;;;;;;;;;;2;31210100203832000160550010026646011005884507
;C170;2;002446;;510;KG;10174,5;;0;000;2102;;10174,5;7;712,22;0;;0;;02;;;;;;;;;;;;;;;;;;;2;31210100203832000160550010026646011005884507
;C170;3;002236;;40;KG;580;;0;000;2102;;580;7;40,6;0;;0;;02;;;;;;;;;;;;;;;;;;;2;31210100203832000160550010026646011005884507
;C170;4;002241;;600;KG;12300;;0;000;2102;;12300;7;861;0;;0;;02;;;;;;;;;;;;;;;;;;;2;31210100203832000160550010026646011005884507
;C170;5;002237;;200;PT;6000;;0;000;2102;;6000;7;420;0;;0;;02;;;;;;;;;;;;;;;;;;;2;31210100203832000160550010026646011005884507
;C170;6;002234;;144;KG;1771,2;;0;000;2102;;1771,2;7;123,98;0;;0;;02;;;;;;;;;;;;;;;;;;;2;31210100203832000160550010026646011005884507
;C170;7;002458;;600;PT;16200;;0;000;2102;;16200;7;1134;0;;0;;02;;;;;;;;;;;;;;;;;;;2;31210100203832000160550010026646011005884507
;C170;1;001466;;16;FRD;549,12;;0;060;1403;;;;;0;;0;;;;;;;;;;;;;;;;;;;;;2;24210107671816005427550010003675351297689963
;C170;2;001466;;92;FRD;3157,44;;0;060;1403;;;;;0;;0;;;;;;;;;;;;;;;;;;;;;2;24210107671816005427550010003675351297689963
;C170;3;001540;;108;FRD;3522,96;;0;060;1403;;;;;0;;0;;;;;;;;;;;;;;;;;;;;;2;24210107671816005427550010003675351297689963
;C170;4;000579;;100;FRD;4722;;0;060;1403;;;;;0;;0;;;;;;;;;;;;;;;;;;;;;2;24210107671816005427550010003675351297689963
;C170;1;000578;;300;FRD;6183;;0;060;1403;;;;;0;;0;;;;;;;;;;;;;;;;;;;;;2;24210107671816005427550010003675371297689984
;C170;1;000629;;300;CX;7344,54;;0;000;1102;;7344,54;18;1322,02;0;;0;;02;;;;;;;;;;;;;;;;;;;2;24210183631016004897550010000576071435826595
;C170;2;001076;;200;CX;4896,36;;0;000;1102;;4896,36;18;881,34;0;;0;;02;;;;;;;;;;;;;;;;;;;2;24210183631016004897550010000576071435826595
;C170;1;999999;;1177;LT;4747,11;;0;060;1653;;;;;0;;0;;;;;;;;;;;;;;;;;;;;;2;24210104443134000161550010000344981000737579
;C170;1;999999;;100;UN;1970;;0;060;1407;;;;;0;;0;;;;;;;;;;;;;;;;;;;;;2;242101229275790001055500100000273951000074492
;C170;1;999999;;10;UN;320;;0;090;1556;;;;;0;;0;;;;;;;;;;;;;;;;;;;;;2;242101030370700001995500100000252811178824743
;C170;1;999999;;10;PC;80;;0;090;1556;;;;;0;;0;;;;;;;;;;;;;;;;;;;;;2;242101131367610001115500100000221181589867417
;C170;1;001754;;400;PC;14000;;0;000;1102;;14000;18;2520;0;;0;;;;;;;;;;;;;;;;;;;;;2;24210110709297000136550010009869061381565761
;C170;1;002091;;194;CX;20564;;0;000;2102;;20564;7;1439,48;0;;0;;02;;;;;;;;;;;;;;;;;;;2;41210177379293006048550010013368491160975318
;C170;1;002091;;150;CX;15900;;0;000;2102;;15900;7;1113;0;;0;;02;;;;;;;;;;;;;;;;;;;2;41210177379293006048550010013368451149753100
;C170;2;002086;;1500;KG;14250;;0;000;2102;;14250;7;997,5;0;;0;;02;;;;;;;;;;;;;;;;;;;2;41210177379293006048550010013368451149753100
;C170;1;002133;;165;CX;19453,5;;0;000;2102;;19453,5;7;1361,75;0;;0;;02;;;;;;;;;;;;;;;;;;;2;41210177379293006048550010013368461104209751
;C170;2;002091;;300;CX;31800;;0;000;2102;;31800;7;2226;0;;0;;02;;;;;;;;;;;;;;;;;;;2;41210177379293006048550010013368461104209751
;C170;1;002091;;300;CX;31800;;0;000;2102;;31800;7;2226;0;;0;;02;;;;;;;;;;;;;;;;;;;2;41210177379293006048550010013368481105310868
;C170;1;002353;;1800;KG;14400;;0;000;2102;;14400;7;1008;0;;0;;02;;;;;;;;;;;;;;;;;;;2;41210177379293006048550010013368471150864209
;C170;1;002249;;400;PT;6522,4;;0;060;1403;;;;;0;;0;;;;;;;;;;;;;;;;;;;;;2;24210107671816005427550010003681011297840429
;C170;1;001466;;108;FRD;3706,56;;0;060;1403;;;;;0;;0;;;;;;;;;;;;;;;;;;;;;2;24210107671816005427550010003681121297840538
;C170;1;002249;;1600;PT;26089,6;;0;060;1403;;;;;0;;0;;;;;;;;;;;;;;;;;;;;;2;24210107671816005427550010003679821297821251
;C170;1;002459;;1247,72;KG;33688,47;;0;000;2102;;33688,47;12;4042,62;0;;0;;02;;;;;;;;;;;;;;;;;;;2;15210109696966000117550010000759981905890898
;C170;2;002460;;1228,88;KG;30107,61;;0;000;2102;;30107,61;12;3612,91;0;;0;;02;;;;;;;;;;;;;;;;;;;2;15210109696966000117550010000759981905890898
;C170;3;002461;;316,35;KG;8066,8;;0;000;2102;;8066,8;12;968,02;0;;0;;02;;;;;;;;;;;;;;;;;;;2;15210109696966000117550010000759981905890898
;C170;4;002462;;328,92;KG;3289,2;;0;000;2102;;3289,2;12;394,7;0;;0;;02;;;;;;;;;;;;;;;;;;;2;15210109696966000117550010000759981905890898
;C170;5;002463;;645,64;KG;15107,93;;0;000;2102;;15107,93;12;1812,95;0;;0;;02;;;;;;;;;;;;;;;;;;;2;15210109696966000117550010000759981905890898
;C170;1;000641;;3456;UN;12453,12;;0;000;2102;;12453,12;12;1494,37;0;;0;;;;;;;;;;;;;;;;;;;;;2;52210150700707000472550010017452831205555491
;C170;2;000642;;144;CX;4947,84;;0;000;2102;;4947,84;12;593,74;0;;0;;;;;;;;;;;;;;;;;;;;;2;52210150700707000472550010017452831205555491
;C170;3;000984;;140;CX;5023,2;;0;000;2102;;5023,2;12;602,78;0;;0;;;;;;;;;;;;;;;;;;;;;2;52210150700707000472550010017452831205555491
;C170;4;001654;;126;UN;2037,84;;0;000;2102;;2037,84;12;244,54;0;;0;;;;;;;;;;;;;;;;;;;;;2;52210150700707000472550010017452831205555491
;C170;5;001392;;588;UN;8965,04;;0;000;2102;;8965,04;12;1075,8;0;;0;;;;;;;;;;;;;;;;;;;;;2;52210150700707000472550010017452831205555491
;C170;6;001834;;17;CX;533,97;;0;000;2102;;533,97;12;64,08;0;;0;;;;;;;;;;;;;;;;;;;;;2;52210150700707000472550010017452831205555491
;C170;1;002464;;160;CX;1256;;0;000;2102;;1256;12;150,72;0;;0;;02;;;;;;;;;;;;;;;;;;;2;52210150700707001100550010000391761207764923
;C170;2;002436;;288;CX;2154,24;;0;000;2102;;2154,24;12;258,51;0;;0;;02;;;;;;;;;;;;;;;;;;;2;52210150700707001100550010000391761207764923
;C170;3;001837;;64;CX;900,48;;0;000;2102;;900,48;12;108,06;0;;0;;02;;;;;;;;;;;;;;;;;;;2;52210150700707001100550010000391761207764923
;C170;4;000985;;140;CX;3558,8;;0;000;2102;;3558,8;12;427,06;0;;0;;02;;;;;;;;;;;;;;;;;;;2;52210150700707001100550010000391761207764923
;C170;5;000931;;2592;UN;9665,57;;0;000;2102;;9665,57;12;1159,87;0;;0;;02;;;;;;;;;;;;;;;;;;;2;52210150700707001100550010000391761207764923
;C170;6;001838;;64;CX;963,2;;0;000;2102;;963,2;12;115,58;0;;0;;02;;;;;;;;;;;;;;;;;;;2;52210150700707001100550010000391761207764923
;C170;1;000596;;329;CX;8330,6;;0;000;1102;;8330,6;18;1499,51;0;;0;;;;;;;;;;;;;;;;;;;;;2;24210101312723032916550010008937991130422485
;C170;1;001504;;120;UN;510,1;86,72;0;000;2102;;423,38;12;50,81;0;;0;;;;;;;;;;;;;;;;;;;;;2;26210102423534000192550010003067141100036924
;C170;2;000581;;2000;UN;29230;7307,5;0;000;2102;;21922,5;12;2630,7;0;;0;;;;;;;;;;;;;;;;;;;;;2;26210102423534000192550010003067141100036924
;C170;3;000580;;600;CX;7094;1560,7;0;000;2102;;5533,3;12;664;0;;0;;;;;;;;;;;;;;;;;;;;;2;26210102423534000192550010003067141100036924
;C170;4;000781;;60;UN;954,7;190,94;0;000;2102;;763,76;12;91,65;0;;0;;;;;;;;;;;;;;;;;;;;;2;26210102423534000192550010003067141100036924
;C170;5;001787;;240;UN;1096,6;186,42;0;000;2102;;910,18;12;109,22;0;;0;;;;;;;;;;;;;;;;;;;;;2;26210102423534000192550010003067141100036924
;C170;6;001749;;300;CX;3547;780,35;0;000;2102;;2766,65;12;332;0;;0;;;;;;;;;;;;;;;;;;;;;2;26210102423534000192550010003067141100036924
;C170;7;000648;;120;UN;1008,6;201,72;0;000;2102;;806,88;12;96,83;0;;0;;;;;;;;;;;;;;;;;;;;;2;26210102423534000192550010003067141100036924
;C170;1;001534;;200;PC;6770,85;;0;000;1102;;6770,85;18;1218,75;0;;0;;;;;;;;;;;;;;;;;;;;;2;24210183631016004897550010000582471810728064
;C170;1;000928;;136,44;KG;1911,52;;0;000;1102;;1911,52;18;344,07;0;;0;;02;;;;;;;;;;;;;;;;;;;2;24210183631016004897550010000582381860692331
;C170;1;001747;;100;CX;5367;;0;000;2102;;5367;12;644,04;0;;0;;02;;;;;;;;;;;;;;;;;;;2;52210100805458000707550010001699291257312276
;C170;1;002042;;1008;KG;13608;;0;000;2102;;13608;12;1632,96;0;;0;;02;;;;;;;;;;;;;;;;;;;2;51210117477474000173550010001906241260472350
;C170;2;002041;;200;PT;13000;;0;000;2102;;13000;12;1560;0;;0;;02;;;;;;;;;;;;;;;;;;;2;51210117477474000173550010001906241260472350
;C170;1;002394;;360;UN;3158,4;;0;000;2102;;3158,4;12;379,01;0;;0;;;;;;;;;;;;;;;;;;;;;2;212101323297930002705500100000216981185955053
;C170;1;002365;;80;KG;320;;0;040;1102;;;;;0;;0;;02;;;;;;;;;;;;;;;;;;;2;24210100707977000154550010003462961518005122
;C170;1;002466;;561,54;KG;10669,26;;0;000;2102;;10669,26;12;1280,31;0;;0;;02;;;;;;;;;;;;;;;;;;;2;51210117477474000173550010001904811635691160
;C170;2;002467;;313,9;KG;4645,72;;0;000;2102;;4645,72;12;557,49;0;;0;;02;;;;;;;;;;;;;;;;;;;2;51210117477474000173550010001904811635691160
;C170;3;002096;;402;PT;13366,5;;0;000;2102;;13366,5;12;1603,98;0;;0;;02;;;;;;;;;;;;;;;;;;;2;51210117477474000173550010001904811635691160
;C170;1;002086;;1500;KG;13950;;0;000;2102;;13950;7;976,5;0;;0;;02;;;;;;;;;;;;;;;;;;;2;41210177379293006048550010013410091171086422
;C170;1;002146;;36;UN;497,88;;0;000;1102;;497,88;18;89,62;0;;0;;;;;;;;;;;;;;;;;;;;;2;24210113738587000109550010007342601852680524
;C170;2;002147;;72;UN;138,96;;0;000;1102;;138,96;18;25,01;0;;0;;02;;;;;;;;;;;;;;;;;;;2;24210113738587000109550010007342601852680524
;C170;3;002148;;72;UN;154,8;;0;000;1102;;154,8;18;27,86;0;;0;;02;;;;;;;;;;;;;;;;;;;2;24210113738587000109550010007342601852680524
;C170;1;001461;;500;UN;7200,9;;0;000;2102;;6858;12;822,96;0;;0;;;;;;;;;;;;;;;;;;;;;2;27210188180001001304550010000335641920665467
;C170;2;001699;;50;UN;648,01;;0;000;2102;;617,15;12;74,06;0;;0;;;;;;;;;;;;;;;;;;;;;2;27210188180001001304550010000335641920665467
;C170;3;001499;;150;UN;2203,74;;0;000;2102;;2098,8;12;251,86;0;;0;;;;;;;;;;;;;;;;;;;;;2;27210188180001001304550010000335641920665467
;C170;4;001500;;50;UN;919,38;;0;000;2102;;875,6;12;105,07;0;;0;;;;;;;;;;;;;;;;;;;;;2;27210188180001001304550010000335641920665467
;C170;1;001297;;30;CX;2211,3;214,81;0;000;1102;;1996,49;18;359,37;0;;0;;;;;;;;;;;;;;;;;;;;;2;24210183134441009173550010000754231948431852
;C170;1;001754;;400;PC;14000;;0;000;1102;;14000;18;2520;0;;0;;;;;;;;;;;;;;;;;;;;;2;24210110709297000136550010009919571778154095
;C170;1;002348;;4225;KG;92950;;0;000;1102;;92950;18;16731;0;;0;;;;;;;;;;;;;;;;;;;;;2;24210103237272000200550010000789361392481967
;C170;1;999999;;1;UN;5213;;0;090;1556;;;;;0;;0;;;;;;;;;;;;;;;;;;;;;2;242101229275790001055500100000274531000075087
;C170;1;999999;;28,08;MT;1046;;0;090;1556;;;;;0;;0;;;;;;;;;;;;;;;;;;;;;2;242101229275790001055500100000274591000075145
;C170;1;999999;;20;KG;224;54;0;060;1407;;;;;0;;0;;;;;;;;;;;;;;;;;;;;;2;24210101311313000100550000000360661000162627
;C170;1;999999;;380,03;LT;1589,86;;0;060;1653;;;;;0;;0;;;;;;;;;;;;;;;;;;;;;2;24210104443134000161550010000346251000835109
;C170;1;999999;;495,18;LT;1995,58;;0;060;1653;;;;;0;;0;;;;;;;;;;;;;;;;;;;;;2;24210104443134000161550010000345931000855562
;C170;1;999999;;947,1;LT;3816,82;;0;060;1653;;;;;0;;0;;;;;;;;;;;;;;;;;;;;;2;24210104443134000161550010000346221001643422
;C170;1;999999;;1069,09;LT;4308,46;;0;060;1653;;;;;0;;0;;;;;;;;;;;;;;;;;;;;;2;24210104443134000161550010000346331000815363
;C170;1;999999;;140;KG;1330;;0;090;1556;;;;;0;;0;;;;;;;;;;;;;;;;;;;;;2;242101245449450001845500100000229411000030696
;C170;1;999999;;425;LT;1798,51;;0;060;1653;;;;;0;;0;;;;;;;;;;;;;;;;;;;;;2;24210104443134000161550010000345681001019137
;C170;1;999999;;571,87;LT;2304,65;;0;060;1653;;;;;0;;0;;;;;;;;;;;;;;;;;;;;;2;24210104443134000161550010000345771001032485
;C170;1;999999;;1002,95;LT;4041,91;;0;060;1653;;;;;0;;0;;;;;;;;;;;;;;;;;;;;;2;24210104443134000161550010000345441000833424
;C170;1;999999;;1;UN;3900;;0;090;1556;;;;;0;;0;;;;;;;;;;;;;;;;;;;;;2;24210129799597000101550010000000200891283053436
;C170;1;999999;;13;UN;2300;;0;090;1556;;;;;0;;0;;;;;;;;;;;;;;;;;;;;;2;24210129799597000101550010000000200901347186050
;C170;1;999999;;104;UN;3235,67;556,67;0;060;1407;;;;;0;;0;;;;;;;;;;;;;;;;;;;;;2;24210108887078000156550010000930491001140066
;C170;2;999999;;65;UN;406,04;;0;090;1556;;;;;0;;0;;;;;;;;;;;;;;;;;;;;;2;24210108887078000156550010000930491001140066
;C170;1;999999;;4;UN;20;;0;090;1556;;;;;0;;0;;;;;;;;;;;;;;;;;;;;;2;242101083896930001895500100000214001000011410
;C170;1;999999;;2;KG;31,85;;0;090;1556;;;;;0;;0;;;;;;;;;;;;;;;;;;;;;2;242101116151560001065500100000242171000038760
;C170;1;999999;;83;UN;96,81;;0;090;1556;;;;;0;;0;;;;;;;;;;;;;;;;;;;;;2;242101116151560001065500100000241931000038520
;C170;1;999999;;830,59;LT;3347,28;;0;060;1653;;;;;0;;0;;;;;;;;;;;;;;;;;;;;;2;24210104443134000161550010000346721000932414
;C170;1;999999;;730,5;LT;2943,92;;0;060;1653;;;;;0;;0;;;;;;;;;;;;;;;;;;;;;2;24210104443134000161550010000346881000815302
;C170;1;999999;;336,32;LT;1413,8;;0;060;1653;;;;;0;;0;;;;;;;;;;;;;;;;;;;;;2;24210104443134000161550010000346711000922071
;C170;1;999999;;100;UN;1970;;0;090;1556;;;;;0;;0;;;;;;;;;;;;;;;;;;;;;2;242101229275790001055500100000274511000075066
;C170;1;002456;;2400;PT;61200;;0;000;2102;;61200;7;4284;0;;0;;02;;;;;;;;;;;;;;;;;;;3;31210142820108000105550010017454601337008360
;C170;1;000602;;479;FRD;23472,82;;0;060;2403;;;;;0;;0;;;;;;;;;;;;;;;;;;;;;3;26210210305353000110550010002569811000385377
;C170;1;002092;;120;CX;21360;;0;000;2102;;21360;7;1495,2;0;;0;;02;;;;;;;;;;;;;;;;;;;3;41210177379293006048550010013446491150864207
;C170;1;002092;;120;CX;21360;;0;000;2102;;21360;7;1495,2;0;;0;;02;;;;;;;;;;;;;;;;;;;3;41210177379293006048550010013446501105310860
;C170;1;002092;;145;CX;25810;;0;000;2102;;25810;7;1806,7;0;;0;;02;;;;;;;;;;;;;;;;;;;3;41210177379293006048550010013446511160975310
;C170;1;002092;;145;CX;25810;;0;000;2102;;25810;7;1806,7;0;;0;;02;;;;;;;;;;;;;;;;;;;3;41210177379293006048550010013446521116420976
;C170;1;002092;;145;CX;25810;;0;000;2102;;25810;7;1806,7;0;;0;;02;;;;;;;;;;;;;;;;;;;3;41210177379293006048550010013446531171086427
;C170;1;001794;;400;UN;3740;;0;000;2102;;3740;7;261,8;0;;0;;02;;;;;;;;;;;;;;;;;;;3;35210164143031000107550010002784481596610422
;C170;2;000686;;400;UN;4760;;0;000;2102;;4760;7;333,2;0;;0;;02;;;;;;;;;;;;;;;;;;;3;35210164143031000107550010002784481596610422
;C170;3;001968;;300;UN;1950;;0;000;2102;;1950;7;136,5;0;;0;;02;;;;;;;;;;;;;;;;;;;3;35210164143031000107550010002784481596610422
;C170;4;000759;;40;UN;874;;0;000;2102;;874;7;61,18;0;;0;;02;;;;;;;;;;;;;;;;;;;3;35210164143031000107550010002784481596610422
;C170;5;000582;;80;UN;1200;;0;000;2102;;1200;7;84;0;;0;;02;;;;;;;;;;;;;;;;;;;3;35210164143031000107550010002784481596610422
;C170;6;002006;;40;UN;652;;0;000;2102;;652;7;45,64;0;;0;;02;;;;;;;;;;;;;;;;;;;3;35210164143031000107550010002784481596610422
;C170;1;000586;;945,57;KG;17455,22;;0;000;2102;;17455,22;7;1221,87;0;;0;;02;;;;;;;;;;;;;;;;;;;3;43210289993239000183550010019535201715875424
;C170;2;001599;;928,41;KG;10955,24;;0;000;2102;;10955,24;7;766,87;0;;0;;;;;;;;;;;;;;;;;;;;;3;43210289993239000183550010019535201715875424
;C170;3;001742;;420;PC;8190;;0;000;2102;;8190;7;573,3;0;;0;;02;;;;;;;;;;;;;;;;;;;3;43210289993239000183550010019535201715875424
;C170;4;000579;;420;PT;14658;;0;000;2102;;14658;7;1026,06;0;;0;;02;;;;;;;;;;;;;;;;;;;3;43210289993239000183550010019535201715875424
;C170;5;000624;;448;PT;26710,66;;0;000;2102;;26710,66;7;1869,75;0;;0;;02;;;;;;;;;;;;;;;;;;;3;43210289993239000183550010019535201715875424
;C170;6;000601;;216;PT;12830,4;;0;000;2102;;12830,4;7;898,13;0;;0;;02;;;;;;;;;;;;;;;;;;;3;43210289993239000183550010019535201715875424
;C170;7;001598;;890,47;KG;10062,31;;0;000;2102;;10062,31;7;704,36;0;;0;;;;;;;;;;;;;;;;;;;;;3;43210289993239000183550010019535201715875424
;C170;1;001754;;400;PC;14000;;0;000;1102;;14000;18;2520;0;;0;;;;;;;;;;;;;;;;;;;;;3;24210210709297000136550010009966491820076261
;C170;1;000597;;2;CX;50,64;;0;000;1102;;50,64;18;9,12;0;;0;;;;;;;;;;;;;;;;;;;;;3;24210201312723032916550010009000731805627291
;C170;1;002113;;10;PT;80;;0;090;1102;;;;;0;;0;;;;;;;;;;;;;;;;;;;;;3;242102131367610001115500100000222031952003552
;C170;1;002106;;750;UN;2281,29;;0;000;2102;;2073,9;12;248,87;0;;0;;;;;;;;;;;;;;;;;;;;;3;25210286262822000363550010001560561225968601
;C170;2;002154;;10;CX;693,11;;0;000;2102;;630,1;12;75,61;0;;0;;;;;;;;;;;;;;;;;;;;;3;25210286262822000363550010001560561225968601
;C170;1;001623;;400;UN;5200;;0;000;2102;;5200;4;208;0;;0;;02;;;;;;;;;;;;;;;;;;;3;35210101917179000181550020001391041274984827
;C170;2;001617;;400;UN;2200;;0;000;2102;;2200;7;154;0;;0;;02;;;;;;;;;;;;;;;;;;;3;35210101917179000181550020001391041274984827
;C170;3;002232;;50;UN;1000;;0;000;2102;;1000;7;70;0;;0;;02;;;;;;;;;;;;;;;;;;;3;35210101917179000181550020001391041274984827
;C170;1;002321;;800;CX;136000;;0;000;2102;;136000;7;9520;0;;0;;02;;;;;;;;;;;;;;;;;;;3;31210242820108000105550010017588111337008369
;C170;1;001590;;25,15;KG;671,51;;0;000;1102;;671,51;18;120,87;0;;0;;;;;;;;;;;;;;;;;;;;;3;24210283631016004897550010000604991546054449
;C170;2;001076;;300;CX;7814,88;;0;000;1102;;7814,88;18;1406,68;0;;0;;02;;;;;;;;;;;;;;;;;;;3;24210283631016004897550010000604991546054449
;C170;3;001603;;300;UN;1763,7;;0;000;1102;;1763,7;18;317,47;0;;0;;02;;;;;;;;;;;;;;;;;;;3;24210283631016004897550010000604991546054449
;C170;4;001307;;360;KG;5922;;0;020;1102;;3948;18;710,64;0;;0;;;;;;;;;;;;;;;;;;;;;3;24210283631016004897550010000604991546054449
;C170;5;001877;;240;PT;2901,36;;0;000;1102;;2901,36;18;522,24;0;;0;;02;;;;;;;;;;;;;;;;;;;3;24210283631016004897550010000604991546054449
;C170;6;001878;;240;PT;2810,64;;0;000;1102;;2810,64;18;505,92;0;;0;;02;;;;;;;;;;;;;;;;;;;3;24210283631016004897550010000604991546054449
;C170;1;1430;;69;KG;1132,98;78,66;0;000;1102;;1054,32;18;189,78;0;;0;;;;;;;;;;;;;;;;;;;;;3;24210201312723032916550010009015171788427946
;C170;2;1479;;40;PT;1822;46;0;000;1102;;1776;18;319,68;0;;0;;;;;;;;;;;;;;;;;;;;;3;24210201312723032916550010009015171788427946
;C170;1;002365;;80;KG;320;;0;040;1102;;;;;0;;0;;02;;;;;;;;;;;;;;;;;;;3;24210200707977000154550010003483961518005120
;C170;1;001681;;30;CX;326,4;;0;000;2102;;326,4;7;22,85;0;;0;;02;;;;;;;;;;;;;;;;;;;3;35210262324243000345550010002439541402439544
;C170;2;001683;;30;CX;435,9;;0;000;2102;;435,9;7;30,51;0;;0;;02;;;;;;;;;;;;;;;;;;;3;35210262324243000345550010002439541402439544
;C170;1;001679;;120;UN;820,1;;0;000;2102;;820,1;7;57,41;0;;0;;;;;;;;;;;;;;;;;;;;;3;35210262324243000345550010002439531302439537
;C170;2;001686;;160;UN;2428;;0;000;2102;;2428;7;169,96;0;;0;;02;;;;;;;;;;;;;;;;;;;3;35210262324243000345550010002439531302439537
;C170;3;001687;;160;UN;3029,6;;0;000;2102;;3029,6;7;212,07;0;;0;;02;;;;;;;;;;;;;;;;;;;3;35210262324243000345550010002439531302439537
;C170;1;999999;;1;UN;559,09;;0;090;1556;;;;;0;;0;;;;;;;;;;;;;;;;;;;;;3;24210108082720000153550010008642471438584279
;C170;1;999999;;20;KG;224;39;0;060;1407;;;;;0;;0;;;;;;;;;;;;;;;;;;;;;3;24210201311313000100550000000362081000164043
;C170;1;002470;;2592;KG;19699,2;;0;000;2102;;19699,2;7;1378,94;0;;0;;02;;;;;;;;;;;;;;;;;;;3;35210202026460031544550010005795371138587165
;C170;2;002471;;2592;KG;25660,8;;0;000;2102;;25660,8;7;1796,26;0;;0;;02;;;;;;;;;;;;;;;;;;;3;35210202026460031544550010005795371138587165
;C170;1;001754;;400;PC;14000;;0;000;1102;;14000;18;2520;0;;0;;;;;;;;;;;;;;;;;;;;;3;24210210709297000136550010009997431545399510
;C170;1;002472;;180;UN;2700;;0;000;2102;;2700;12;324;0;;0;;02;;;;;;;;;;;;;;;;;;;3;52210224144741000118550050001305711010829963
;C170;2;002474;;60;UN;853,4;;0;000;2102;;853,4;12;102,41;0;;0;;02;;;;;;;;;;;;;;;;;;;3;52210224144741000118550050001305711010829963
;C170;3;000926;;1800;UN;11490;;0;000;2102;;11490;12;1378,8;0;;0;;;;;;;;;;;;;;;;;;;;;3;52210224144741000118550050001305711010829963
;C170;4;001351;;200;CX;8546;;0;000;2102;;8546;12;1025,52;0;;0;;02;;;;;;;;;;;;;;;;;;;3;52210224144741000118550050001305711010829963
;C170;5;002473;;1200;UN;18000;;0;000;2102;;18000;12;2160;0;;0;;02;;;;;;;;;;;;;;;;;;;3;52210224144741000118550050001305711010829963
;C170;6;001225;;10;CX;324;;0;000;2102;;324;12;38,88;0;;0;;02;;;;;;;;;;;;;;;;;;;3;52210224144741000118550050001305711010829963
;C170;7;001224;;50;CX;1257,5;;0;000;2102;;1257,5;12;150,9;0;;0;;02;;;;;;;;;;;;;;;;;;;3;52210224144741000118550050001305711010829963
;C170;8;001222;;50;CX;1225;;0;000;2102;;1225;12;147;0;;0;;02;;;;;;;;;;;;;;;;;;;3;52210224144741000118550050001305711010829963
;C170;9;001755;;120;UN;766;;0;000;2102;;766;12;91,92;0;;0;;02;;;;;;;;;;;;;;;;;;;3;52210224144741000118550050001305711010829963
;C170;10;000927;;1800;UN;11490;;0;000;2102;;11490;12;1378,8;0;;0;;;;;;;;;;;;;;;;;;;;;3;52210224144741000118550050001305711010829963
;C170;1;002333;;1006,75;KG;22148,39;;0;020;2102;;12919,82;12;1550,38;0;;0;;;;;;;;;;;;;;;;;;;;;3;15210225759597000374550030000396941000202284
;C170;2;002475;;75,13;KG;2253,96;;0;020;2102;;1314,8;12;157,78;0;;0;;;;;;;;;;;;;;;;;;;;;3;15210225759597000374550030000396941000202284
;C170;3;002335;;509,47;KG;10698,87;;0;020;2102;;6240,97;12;748,92;0;;0;;;;;;;;;;;;;;;;;;;;;3;15210225759597000374550030000396941000202284
;C170;4;002477;;89,65;KG;2510,2;;0;020;2102;;1464,27;12;175,71;0;;0;;;;;;;;;;;;;;;;;;;;;3;15210225759597000374550030000396941000202284
;C170;5;002476;;111,95;KG;2742,87;;0;020;2102;;1600;12;192;0;;0;;;;;;;;;;;;;;;;;;;;;3;15210225759597000374550030000396941000202284
;C170;6;002346;;99,97;KG;2199,23;;0;020;2102;;1282,88;12;153,95;0;;0;;;;;;;;;;;;;;;;;;;;;3;15210225759597000374550030000396941000202284
;C170;7;002320;;996,31;KG;6476,02;;0;020;2102;;3777,66;12;453,32;0;;0;;;;;;;;;;;;;;;;;;;;;3;15210225759597000374550030000396941000202284
;C170;8;002478;;319,97;KG;3039,72;;0;020;2102;;1773,16;12;212,78;0;;0;;;;;;;;;;;;;;;;;;;;;3;15210225759597000374550030000396941000202284
;C170;1;002145;;24;UN;270,96;;0;000;1102;;272,96;18;49,13;0;;0;;;;;;;;;;;;;;;;;;;;;3;24210213738587000109550010007420931210680086
;C170;1;002479;;594;UN;9622,8;;0;000;2102;;9622,8;7;673,6;0;;0;;02;;;;;;;;;;;;;;;;;;;3;43210289993239003875550010000740461192510795
;C170;2;002366;;2340;UN;12097,8;;0;000;2102;;12097,8;7;846,85;0;;0;;02;;;;;;;;;;;;;;;;;;;3;43210289993239003875550010000740461192510795
;C170;3;002369;;650;CX;59800;;0;000;2102;;59800;7;4186;0;;0;;02;;;;;;;;;;;;;;;;;;;3;43210289993239003875550010000740461192510795
;C170;4;002429;;1170;UN;4095;;0;000;2102;;4095;7;286,65;0;;0;;02;;;;;;;;;;;;;;;;;;;3;43210289993239003875550010000740461192510795
;C170;5;002368;;2340;UN;16380;;0;000;2102;;16380;7;1146,6;0;;0;;02;;;;;;;;;;;;;;;;;;;3;43210289993239003875550010000740461192510795
;C170;6;002430;;715;CX;102960;;0;000;2102;;102960;7;7207,2;0;;0;;02;;;;;;;;;;;;;;;;;;;3;43210289993239003875550010000740461192510795
;C170;7;002431;;1170;UN;6493,5;;0;000;2102;;6493,5;7;454,55;0;;0;;02;;;;;;;;;;;;;;;;;;;3;43210289993239003875550010000740461192510795
;C170;1;000928;;136,37;KG;1969,18;;0;000;1102;;1969,18;18;354,45;0;;0;;02;;;;;;;;;;;;;;;;;;;3;24210283631016004897550010000607481633777969
;C170;2;000734;;100;CX;2420,04;;0;000;1102;;2420,04;18;435,61;0;;0;;02;;;;;;;;;;;;;;;;;;;3;24210283631016004897550010000607481633777969
;C170;1;000629;;200;CX;5209,92;;0;000;1102;;5209,92;18;937,79;0;;0;;02;;;;;;;;;;;;;;;;;;;3;24210283631016004897550010000610931660733545
;C170;1;001537;;100;PT;6450;;0;000;2102;;6450;7;451,5;0;;0;;02;;;;;;;;;;;;;;;;;;;3;41210277579395000228550050021569191137928928
;C170;2;001015;;496;KG;6993,6;;0;000;2102;;6993,6;7;489,55;0;;0;;02;;;;;;;;;;;;;;;;;;;3;41210277579395000228550050021569191137928928
;C170;3;000589;;1800;KG;54000;;0;000;2102;;54000;7;3780;0;;0;;02;;;;;;;;;;;;;;;;;;;3;41210277579395000228550050021569191137928928
;C170;1;001395;;75;UN;680;;0;000;2102;;680;7;47,6;0;;0;;02;;;;;;;;;;;;;;;;;;;3;422102077735370001055500100000265811902040829
;C170;2;001421;;150;UN;850;;0;000;2102;;850;7;59,5;0;;0;;;;;;;;;;;;;;;;;;;;;3;422102077735370001055500100000265811902040829
;C170;3;001420;;750;UN;3500;;0;000;2102;;3500;7;245;0;;0;;;;;;;;;;;;;;;;;;;;;3;422102077735370001055500100000265811902040829
;C170;1;000625;;268;PT;12944,4;;0;000;2102;;12944,4;7;906,11;0;;0;;02;;;;;;;;;;;;;;;;;;;3;41210277579395000228550050021574741137948111
;C170;2;001960;;90;PT;2772;;0;000;2102;;2772;7;194,04;0;;0;;02;;;;;;;;;;;;;;;;;;;3;41210277579395000228550050021574741137948111
;C170;3;002344;;36;UN;133,92;;0;000;2102;;133,92;7;9,37;0;;0;;02;;;;;;;;;;;;;;;;;;;3;41210277579395000228550050021574741137948111
;C170;4;002337;;36;UN;131,76;;0;000;2102;;131,76;7;9,22;0;;0;;02;;;;;;;;;;;;;;;;;;;3;41210277579395000228550050021574741137948111
;C170;1;001539;;366;PC;8245,25;;0;000;2102;;8245,25;7;577,17;0;;0;;02;;;;;;;;;;;;;;;;;;;3;41210277579395000228550050021574751137948135
;C170;1;000588;;360;KG;4140;;0;000;2102;;4140;7;289,8;0;;0;;02;;;;;;;;;;;;;;;;;;;3;41210100103731000642550030020553071021958290
;C170;2;000633;;1200;KG;13800;;0;000;2102;;13800;7;966;0;;0;;02;;;;;;;;;;;;;;;;;;;3;41210100103731000642550030020553071021958290
;C170;3;000660;;600;KG;4380;;0;000;2102;;4380;7;306,6;0;;0;;02;;;;;;;;;;;;;;;;;;;3;41210100103731000642550030020553071021958290
;C170;4;001445;;600;KG;2820;;0;000;2102;;2820;7;197,4;0;;0;;02;;;;;;;;;;;;;;;;;;;3;41210100103731000642550030020553071021958290
;C170;5;000659;;240;KG;4920;;0;000;2102;;4920;7;344,4;0;;0;;02;;;;;;;;;;;;;;;;;;;3;41210100103731000642550030020553071021958290
;C170;6;000637;;1200;KG;11160;;0;000;2102;;11160;7;781,2;0;;0;;02;;;;;;;;;;;;;;;;;;;3;41210100103731000642550030020553071021958290
;C170;7;000636;;222;CX;25974;;0;000;2102;;25974;7;1818,18;0;;0;;02;;;;;;;;;;;;;;;;;;;3;41210100103731000642550030020553071021958290
;C170;8;000585;;1200;KG;8760;;0;000;2102;;8760;7;613,2;0;;0;;02;;;;;;;;;;;;;;;;;;;3;41210100103731000642550030020553071021958290
;C170;9;000616;;360;KG;2988;;0;000;2102;;2988;7;209,16;0;;0;;02;;;;;;;;;;;;;;;;;;;3;41210100103731000642550030020553071021958290
;C170;10;001740;;750;CX;86250;;0;000;2102;;86250;7;6037,5;0;;0;;02;;;;;;;;;;;;;;;;;;;3;41210100103731000642550030020553071021958290
;C170;11;001480;;1350;PCT;8768,25;;0;000;2102;;8768,25;7;613,78;0;;0;;02;;;;;;;;;;;;;;;;;;;3;41210100103731000642550030020553071021958290
;C170;12;001888;;1350;PCT;12150;;0;000;2102;;12150;7;850,5;0;;0;;02;;;;;;;;;;;;;;;;;;;3;41210100103731000642550030020553071021958290
;C170;13;002330;;600;PT;9180;;0;000;2102;;9180;7;642,6;0;;0;;02;;;;;;;;;;;;;;;;;;;3;41210100103731000642550030020553071021958290
;C170;1;002364;;3000;PT;32550;;0;000;2102;;32550;7;2278,5;0;;0;;02;;;;;;;;;;;;;;;;;;;3;41210176163731000786550010023360061751095030
;C170;2;002465;;300;CX;31110;;0;000;2102;;31110;7;2177,7;0;;0;;02;;;;;;;;;;;;;;;;;;;3;41210176163731000786550010023360061751095030
;C170;3;002408;;1800;PT;19530;;0;000;2102;;19530;7;1367,1;0;;0;;02;;;;;;;;;;;;;;;;;;;3;41210176163731000786550010023360061751095030
;C170;4;002402;;400;PT;8340;;0;000;2102;;8340;7;583,8;0;;0;;02;;;;;;;;;;;;;;;;;;;3;41210176163731000786550010023360061751095030
;C170;1;999999;;729,81;LT;3258,81;;0;060;1653;;;;;0;;0;;;;;;;;;;;;;;;;;;;;;3;24210204443134000161550010000348741001019460
;C170;1;999999;;344,67;LT;1561,37;;0;060;1653;;;;;0;;0;;;;;;;;;;;;;;;;;;;;;3;24210204443134000161550010000348941001640249
;C170;1;999999;;418,11;LT;1779,76;;0;060;1653;;;;;0;;0;;;;;;;;;;;;;;;;;;;;;3;24210204443134000161550010000348221001723110
;C170;1;999999;;592,44;LT;2531,98;;0;060;1653;;;;;0;;0;;;;;;;;;;;;;;;;;;;;;3;24210204443134000161550010000348631001617445
;C170;1;999999;;981,83;LT;4054,97;;0;060;1653;;;;;0;;0;;;;;;;;;;;;;;;;;;;;;3;24210204443134000161550010000348311000835097
;C170;1;999999;;446,8;LT;1845,29;;0;060;1653;;;;;0;;0;;;;;;;;;;;;;;;;;;;;;3;24210204443134000161550010000348231000744120
;C170;1;999999;;246,04;LT;1181,64;;0;060;1653;;;;;0;;0;;;;;;;;;;;;;;;;;;;;;3;24210204443134000161550010000349121001536360
;C170;1;999999;;715,22;LT;3239,96;;0;060;1653;;;;;0;;0;;;;;;;;;;;;;;;;;;;;;3;24210204443134000161550010000349391000824013
;C170;1;999999;;347,7;LT;1454,22;;0;060;1653;;;;;0;;0;;;;;;;;;;;;;;;;;;;;;3;24210104443134000161550010000347001000748067
;C170;1;999999;;400,52;LT;1682,11;;0;060;1653;;;;;0;;0;;;;;;;;;;;;;;;;;;;;;3;24210204443134000161550010000347771001720092
;C170;1;999999;;663,68;LT;2674,66;;0;060;1653;;;;;0;;0;;;;;;;;;;;;;;;;;;;;;3;24210204443134000161550010000347861001616316
;C170;1;999999;;1813,15;LT;7382,55;;0;060;1653;;;;;0;;0;;;;;;;;;;;;;;;;;;;;;3;24210204443134000161550010000347671001643296
;C170;1;999999;;12;UN;129;;0;060;1407;;;;;0;;0;;;;;;;;;;;;;;;;;;;;;3;242102081898910001815500000000287581000087747
;C170;2;999999;;6;UN;360;183;0;090;1556;;;;;0;;0;;;;;;;;;;;;;;;;;;;;;3;242102081898910001815500000000287581000087747
;C170;1;999999;;13;UN;2587,01;;0;090;1556;;;;;0;;0;;;;;;;;;;;;;;;;;;;;;3;2421012030101300011255001000000209151000009340
;C170;1;999999;;50;UN;980;;0;090;1556;;;;;0;;0;;;;;;;;;;;;;;;;;;;;;3;242101229275790001055500100000274931000075481
;C170;1;999999;;1;UN;899;;0;060;1407;;;;;0;;0;;;;;;;;;;;;;;;;;;;;;3;24210270903939000189550010000360441050354187
;C170;1;999999;;11;UN;1042,73;2,73;0;090;2556;;;;;0;;0;;;;;;;;;;;;;;;;;;;;;3;29210209596865000193550010000362981441707195
;C170;1;999999;;50;UN;985,5;;0;090;1556;;;;;0;;0;;;;;;;;;;;;;;;;;;;;;3;242102229275790001055500100000275231000075788
;C170;1;99023;;1;UN;57000;;0;090;2551;;;;;0;;0;;;;;;;;;;;;;;;;;;;;;3;41210110104741000140550010002161011879990150
;C170;1;999999;;6;PC;231,59;;0;090;1556;;;;;0;;0;;;;;;;;;;;;;;;;;;;;;3;24210200505655000190550010000556421518005127
;C170;1;999999;;9;UN;540;270;0;090;1556;;;;;0;;0;;;;;;;;;;;;;;;;;;;;;3;242102081898910001815500000000287601000087788
;C170;2;999999;;18;UN;161,9;;0;060;1407;;;;;0;;0;;;;;;;;;;;;;;;;;;;;;3;242102081898910001815500000000287601000087788
;C170;1;999999;;20;KG;224;39;0;060;1407;;;;;0;;0;;;;;;;;;;;;;;;;;;;;;3;24210201311313000100550000000363181000165092
;C170;1;999999;;1;MIL;250;;0;090;1556;;;;;0;;0;;;;;;;;;;;;;;;;;;;;;3;242002338387880001395500100000210251337696110
;C170;1;999999;;22,5;M3;450;;0;090;1556;;;;;0;;0;;;;;;;;;;;;;;;;;;;;;3;241907106081860001695500100000270551000071156
;C170;1;999999;;12;UN;300;;0;090;1556;;;;;0;;0;;;;;;;;;;;;;;;;;;;;;3;242102229275790001055500100000275631000076216
;C170;1;999999;;1;UN;28,7;;0;060;1407;;;;;0;;0;;;;;;;;;;;;;;;;;;;;;3;242102081898910001815500000000287711000087978
;C170;2;999999;;2;UN;470;;0;090;1556;;;;;0;;0;;;;;;;;;;;;;;;;;;;;;3;242102081898910001815500000000287711000087978
;C170;1;999999;;1;UN;1354,48;;0;090;1556;;;;;0;;0;;;;;;;;;;;;;;;;;;;;;3;242102116151560001065500100000242511000039100
;C170;1;999999;;1;UN;613,62;;0;090;1556;;;;;0;;0;;;;;;;;;;;;;;;;;;;;;3;242102116151560001065500100000242521000039115
;C170;1;999999;;40;SC;1244,4;243,83;0;060;1407;;;;;0;;0;;;;;;;;;;;;;;;;;;;;;3;24210208887078000156550010000941701001147327
;C170;2;999999;;1;UN;700,47;;0;090;1556;;;;;0;;0;;;;;;;;;;;;;;;;;;;;;3;24210208887078000156550010000941701001147327
